{
    "total_runtime": 165.1135790348053,
    "num_documents": 1,
    "input_load_time": 0,
    "workflows": {
        "create_base_text_units": {
            "overall": 0.13603830337524414,
            "0_orderby": 0.0010020732879638672,
            "1_zip": 0.0020024776458740234,
            "2_aggregate_override": 0.003006458282470703,
            "3_chunk": 0.09351229667663574,
            "4_select": 0.0029990673065185547,
            "5_unroll": 0.003004312515258789,
            "6_rename": 0.0010023117065429688,
            "7_genid": 0.0030012130737304688,
            "8_unzip": 0.002995729446411133,
            "9_copy": 0.0020024776458740234,
            "10_filter": 0.019508838653564453
        },
        "create_base_extracted_entities": {
            "overall": 48.08486986160278,
            "0_entity_extract": 48.054327726364136,
            "1_merge_graphs": 0.028537511825561523
        },
        "create_final_covariates": {
            "overall": 30.697191953659058,
            "0_extract_covariates": 30.668046951293945,
            "1_window": 0.0030040740966796875,
            "2_genid": 0.005115985870361328,
            "3_convert": 0.008514404296875,
            "4_rename": 0.0039997100830078125,
            "5_select": 0.0055124759674072266
        },
        "create_summarized_entities": {
            "overall": 12.579058170318604,
            "0_summarize_descriptions": 12.575050115585327
        },
        "join_text_units_to_covariate_ids": {
            "overall": 0.016229629516601562,
            "0_select": 0.005231380462646484,
            "1_aggregate_override": 0.005998134613037109
        },
        "create_base_entity_graph": {
            "overall": 0.07725405693054199,
            "0_cluster_graph": 0.06773996353149414,
            "1_select": 0.005515098571777344
        },
        "create_final_entities": {
            "overall": 1.4857172966003418,
            "0_unpack_graph": 0.028540849685668945,
            "1_rename": 0.005088090896606445,
            "2_select": 0.005007028579711914,
            "3_dedupe": 0.003999948501586914,
            "4_rename": 0.0055103302001953125,
            "5_filter": 0.011504411697387695,
            "6_text_split": 0.0070607662200927734,
            "7_drop": 0.004999399185180664,
            "8_merge": 0.01605844497680664,
            "9_text_embed": 1.3738648891448975,
            "10_drop": 0.005024433135986328,
            "11_filter": 0.015059232711791992
        },
        "create_final_nodes": {
            "overall": 0.2239091396331787,
            "0_layout_graph": 0.08420348167419434,
            "1_unpack_graph": 0.028525114059448242,
            "2_unpack_graph": 0.027567148208618164,
            "3_filter": 0.01650691032409668,
            "4_drop": 0.006516695022583008,
            "5_select": 0.00650334358215332,
            "6_rename": 0.0070037841796875,
            "7_join": 0.010511159896850586,
            "8_convert": 0.022059202194213867,
            "9_rename": 0.008517265319824219
        },
        "create_final_communities": {
            "overall": 0.24851012229919434,
            "0_unpack_graph": 0.02959728240966797,
            "1_unpack_graph": 0.028526782989501953,
            "2_aggregate_override": 0.009513616561889648,
            "3_join": 0.011511087417602539,
            "4_join": 0.012508153915405273,
            "5_concat": 0.007511138916015625,
            "6_filter": 0.06631278991699219,
            "7_aggregate_override": 0.011510848999023438,
            "8_join": 0.009510993957519531,
            "9_filter": 0.019018888473510742,
            "10_fill": 0.008072376251220703,
            "11_merge": 0.011014699935913086,
            "12_copy": 0.008003473281860352,
            "13_select": 0.009390830993652344
        },
        "join_text_units_to_entity_ids": {
            "overall": 0.041858673095703125,
            "0_select": 0.010510683059692383,
            "1_unroll": 0.011686325073242188,
            "2_aggregate_override": 0.011156082153320312
        },
        "create_final_relationships": {
            "overall": 0.15347790718078613,
            "0_unpack_graph": 0.0336766242980957,
            "1_filter": 0.02102041244506836,
            "2_rename": 0.009509086608886719,
            "3_filter": 0.02805948257446289,
            "4_drop": 0.010510921478271484,
            "5_compute_edge_combined_degree": 0.011014699935913086,
            "6_convert": 0.02167057991027832,
            "7_convert": 0.009505033493041992
        },
        "join_text_units_to_relationship_ids": {
            "overall": 0.056134939193725586,
            "0_select": 0.011013984680175781,
            "1_unroll": 0.012050628662109375,
            "2_aggregate_override": 0.011044979095458984,
            "3_select": 0.011512517929077148
        },
        "create_final_community_reports": {
            "overall": 67.97372961044312,
            "0_prepare_community_reports_nodes": 0.015027761459350586,
            "1_prepare_community_reports_edges": 0.014018058776855469,
            "2_prepare_community_reports_claims": 0.013052225112915039,
            "3_restore_community_hierarchy": 0.013015508651733398,
            "4_prepare_community_reports": 0.1463768482208252,
            "5_create_community_reports": 67.74970698356628,
            "6_window": 0.012021064758300781
        },
        "create_final_text_units": {
            "overall": 0.10056185722351074,
            "0_select": 0.011507272720336914,
            "1_rename": 0.010927438735961914,
            "2_join": 0.013019323348999023,
            "3_join": 0.014016866683959961,
            "4_join": 0.01550745964050293,
            "5_aggregate_override": 0.012512683868408203,
            "6_select": 0.011556148529052734
        },
        "create_base_documents": {
            "overall": 0.12865138053894043,
            "0_unroll": 0.013514518737792969,
            "1_select": 0.01140284538269043,
            "2_rename": 0.012505292892456055,
            "3_join": 0.014508247375488281,
            "4_aggregate_override": 0.013974666595458984,
            "5_join": 0.014507293701171875,
            "6_rename": 0.011511564254760742,
            "7_convert": 0.025527477264404297
        },
        "create_final_documents": {
            "overall": 0.027156352996826172,
            "0_rename": 0.014534473419189453
        }
    }
}